{
  "Total" : {
    "transaction" : "Total",
    "sampleCount" : 10000,
    "errorCount" : 7000,
    "errorPct" : 70.0,
    "meanResTime" : 5325.393399999999,
    "medianResTime" : 5102.0,
    "minResTime" : 25.0,
    "maxResTime" : 17418.0,
    "pct1ResTime" : 9785.699999999999,
    "pct2ResTime" : 12195.849999999997,
    "pct3ResTime" : 13870.97,
    "throughput" : 172.52385142245916,
    "receivedKBytesPerSec" : 23.705181538222657,
    "sentKBytesPerSec" : 47.073402429135825
  },
  "Request" : {
    "transaction" : "Request",
    "sampleCount" : 10000,
    "errorCount" : 7000,
    "errorPct" : 70.0,
    "meanResTime" : 5325.393399999999,
    "medianResTime" : 5102.0,
    "minResTime" : 25.0,
    "maxResTime" : 17418.0,
    "pct1ResTime" : 9785.699999999999,
    "pct2ResTime" : 12195.849999999997,
    "pct3ResTime" : 13870.97,
    "throughput" : 172.52385142245916,
    "receivedKBytesPerSec" : 23.705181538222657,
    "sentKBytesPerSec" : 47.073402429135825
  }
}